english	hindi	pos	category	definition_en	definition_hi	example_en	example_hi
Secretary	सचिव	noun	designation	The administrative head of a Ministry or Department of the Government of India.	भारत सरकार के किसी मंत्रालय या विभाग का प्रशासनिक प्रमुख।	The file was submitted to the Secretary for approval.	फाइल अनुमोदन हेतु सचिव को प्रस्तुत की गई।
Additional Secretary	अपर सचिव	noun	designation	An officer ranking immediately below the Secretary in a Ministry or Department.	मंत्रालय या विभाग में सचिव से ठीक नीचे के स्तर का अधिकारी।	The Additional Secretary chaired the review meeting.	अपर सचिव ने समीक्षा बैठक की अध्यक्षता की।
Joint Secretary	संयुक्त सचिव	noun	designation	A senior officer heading a wing of a Ministry, below the Additional Secretary.	मंत्रालय के किसी स्कंध का प्रमुख वरिष्ठ अधिकारी, जो अपर सचिव से नीचे होता है।	The proposal requires the approval of the Joint Secretary.	प्रस्ताव के लिए संयुक्त सचिव का अनुमोदन अपेक्षित है।
Director	निदेशक	noun	designation	An officer below the Joint Secretary who supervises one or more divisions.	संयुक्त सचिव से नीचे का अधिकारी जो एक या अधिक प्रभागों का पर्यवेक्षण करता है।	The Director has called for a status report.	निदेशक ने स्थिति रिपोर्ट मांगी है।
Deputy Secretary	उप सचिव	noun	designation	An officer below the Director in the secretariat hierarchy.	सचिवालय पदानुक्रम में निदेशक से नीचे का अधिकारी।	The Deputy Secretary examined the case and recorded a note.	उप सचिव ने मामले की जांच की और टिप्पणी अंकित की।
Under Secretary	अवर सचिव	noun	designation	An officer supervising sections, below the Deputy Secretary.	उप सचिव से नीचे का अधिकारी जो अनुभागों का पर्यवेक्षण करता है।	The Under Secretary forwarded the file with his remarks.	अवर सचिव ने अपनी टिप्पणी सहित फाइल अग्रेषित की।
Section Officer	अनुभाग अधिकारी	noun	designation	The officer in charge of a section, responsible for its day-to-day work.	अनुभाग का प्रभारी अधिकारी, जो उसके दैनिक कार्य के लिए उत्तरदायी होता है।	The Section Officer submitted the draft reply for approval.	अनुभाग अधिकारी ने उत्तर का मसौदा अनुमोदन हेतु प्रस्तुत किया।
Assistant Section Officer	सहायक अनुभाग अधिकारी	noun	designation	A dealing official who processes cases at the first level in a section.	अनुभाग में प्रथम स्तर पर मामलों का निपटान करने वाला कार्यकारी कर्मचारी।	The Assistant Section Officer put up the case with the relevant rules.	सहायक अनुभाग अधिकारी ने संबंधित नियमों सहित मामला प्रस्तुत किया।
Cabinet Secretary	मंत्रिमंडल सचिव	noun	designation	The senior-most civil servant of the Government of India, head of the civil services.	भारत सरकार का सर्वोच्च सिविल सेवक, जो सिविल सेवाओं का प्रमुख होता है।	The Cabinet Secretary reviewed the implementation of the scheme.	मंत्रिमंडल सचिव ने योजना के कार्यान्वयन की समीक्षा की।
Competent Authority	सक्षम प्राधिकारी	noun	general administration	The authority empowered under the rules to take a particular decision.	वह प्राधिकारी जिसे नियमों के अंतर्गत कोई विशेष निर्णय लेने की शक्ति प्राप्त हो।	The case may be placed before the Competent Authority for orders.	मामला आदेश हेतु सक्षम प्राधिकारी के समक्ष रखा जाए।
Appellate Authority	अपीलीय प्राधिकारी	noun	general administration	The authority to whom an appeal against an order lies.	वह प्राधिकारी जिसके समक्ष किसी आदेश के विरुद्ध अपील की जाती है।	The applicant filed an appeal before the Appellate Authority.	आवेदक ने अपीलीय प्राधिकारी के समक्ष अपील दायर की।
Head of Department	विभागाध्यक्ष	noun	designation	The officer declared as head of a department for administrative and financial powers.	प्रशासनिक और वित्तीय शक्तियों हेतु विभाग के प्रमुख के रूप में घोषित अधिकारी।	Sanction of the Head of Department is required for this expenditure.	इस व्यय के लिए विभागाध्यक्ष की स्वीकृति अपेक्षित है।
Drawing and Disbursing Officer	आहरण एवं संवितरण अधिकारी	noun	finance and accounts	The officer authorised to draw money from the treasury and disburse it.	कोषागार से धन आहरित करने और उसका संवितरण करने हेतु प्राधिकृत अधिकारी।	The bill was signed by the Drawing and Disbursing Officer.	बिल पर आहरण एवं संवितरण अधिकारी ने हस्ताक्षर किए।
Chief Vigilance Officer	मुख्य सतर्कता अधिकारी	noun	vigilance and discipline	The officer responsible for vigilance work in an organisation.	किसी संगठन में सतर्कता संबंधी कार्य के लिए उत्तरदायी अधिकारी।	The complaint was referred to the Chief Vigilance Officer.	शिकायत मुख्य सतर्कता अधिकारी को संदर्भित की गई।
Comptroller and Auditor General	नियंत्रक एवं महालेखापरीक्षक	noun	finance and accounts	The constitutional authority that audits the accounts of the Union and the States.	वह संवैधानिक प्राधिकारी जो संघ और राज्यों के लेखाओं की लेखापरीक्षा करता है।	The report of the Comptroller and Auditor General was laid in Parliament.	नियंत्रक एवं महालेखापरीक्षक का प्रतिवेदन संसद में रखा गया।
Public Information Officer	लोक सूचना अधिकारी	noun	right to information	The officer designated to receive and decide requests under the Right to Information Act.	सूचना का अधिकार अधिनियम के अंतर्गत आवेदन प्राप्त करने और उन पर निर्णय लेने हेतु पदनामित अधिकारी।	The application was transferred to the Public Information Officer concerned.	आवेदन संबंधित लोक सूचना अधिकारी को अंतरित किया गया।
Nodal Officer	नोडल अधिकारी	noun	general administration	An officer designated as the single point of contact for a particular subject.	किसी विशेष विषय के लिए एकल संपर्क बिंदु के रूप में पदनामित अधिकारी।	Each Ministry shall appoint a Nodal Officer for this portal.	प्रत्येक मंत्रालय इस पोर्टल के लिए एक नोडल अधिकारी नियुक्त करेगा।
Ministry	मंत्रालय	noun	organisation	The highest administrative unit of the Union Government, headed by a Minister.	संघ सरकार की सर्वोच्च प्रशासनिक इकाई, जिसका प्रमुख एक मंत्री होता है।	The scheme is administered by the Ministry of Finance.	यह योजना वित्त मंत्रालय द्वारा प्रशासित है।
Department	विभाग	noun	organisation	A constituent unit of a Ministry dealing with a defined group of subjects.	मंत्रालय की एक घटक इकाई जो विषयों के निर्धारित समूह से संबंधित कार्य करती है।	The proposal was referred to the Department of Expenditure.	प्रस्ताव व्यय विभाग को संदर्भित किया गया।
Directorate	निदेशालय	noun	organisation	An executive office that implements the policies framed by a Ministry.	कार्यपालक कार्यालय जो मंत्रालय द्वारा बनाई गई नीतियों को कार्यान्वित करता है।	The Directorate issued detailed guidelines to field offices.	निदेशालय ने क्षेत्रीय कार्यालयों को विस्तृत दिशानिर्देश जारी किए।
Section	अनुभाग	noun	organisation	The basic working unit of a secretariat office, headed by a Section Officer.	सचिवालय कार्यालय की मूल कार्य इकाई, जिसका प्रमुख अनुभाग अधिकारी होता है।	The file is currently with the Establishment Section.	फाइल इस समय स्थापना अनुभाग में है।
Cell	प्रकोष्ठ	noun	organisation	A small unit created within an office for a specific task or subject.	किसी विशिष्ट कार्य या विषय के लिए कार्यालय के भीतर गठित छोटी इकाई।	A separate Grievance Cell has been set up in the Department.	विभाग में एक पृथक शिकायत प्रकोष्ठ स्थापित किया गया है।
Attached Office	संलग्न कार्यालय	noun	organisation	An office attached to a Ministry to provide executive direction and technical advice.	मंत्रालय से संलग्न कार्यालय जो कार्यपालक निदेश और तकनीकी परामर्श देता है।	The Attached Office submits monthly progress reports.	संलग्न कार्यालय मासिक प्रगति रिपोर्ट प्रस्तुत करता है।
Subordinate Office	अधीनस्थ कार्यालय	noun	organisation	A field office that carries out the executive work of a Ministry or Department.	क्षेत्रीय कार्यालय जो मंत्रालय या विभाग का कार्यपालक कार्य संपादित करता है।	Instructions were circulated to all Subordinate Offices.	सभी अधीनस्थ कार्यालयों को अनुदेश परिचालित किए गए।
Autonomous Body	स्वायत्त निकाय	noun	organisation	An organisation set up by government with its own governing body and finances.	सरकार द्वारा स्थापित संगठन जिसका अपना शासी निकाय और वित्त होता है।	Grants were released to the Autonomous Body for the current year.	चालू वर्ष हेतु स्वायत्त निकाय को अनुदान जारी किए गए।
Cadre	संवर्ग	noun	service matters	The sanctioned strength of posts of a particular service or grade.	किसी विशेष सेवा या ग्रेड के पदों की स्वीकृत संख्या।	The cadre review of the service is under consideration.	सेवा की संवर्ग समीक्षा विचाराधीन है।
Establishment	स्थापना	noun	service matters	The staff of an office, and matters relating to their service conditions.	किसी कार्यालय का कर्मचारी वर्ग तथा उनकी सेवा शर्तों से संबंधित विषय।	Establishment matters are dealt with by the Administration Division.	स्थापना संबंधी विषय प्रशासन प्रभाग द्वारा देखे जाते हैं।
File	फाइल	noun	noting and drafting	A collection of papers on a specific subject, containing notes and correspondence.	किसी विशिष्ट विषय पर कागज़ातों का संग्रह, जिसमें टिप्पणियां और पत्राचार होते हैं।	Please place the earlier file on the table for reference.	कृपया संदर्भ हेतु पुरानी फाइल मेज़ पर रखें।
Noting	टिप्पणी	noun	noting and drafting	The remarks recorded on a file to facilitate a decision on the case.	मामले पर निर्णय लेने में सुविधा हेतु फाइल पर अंकित की गई टिप्पणियां।	The noting should bring out the rule position clearly.	टिप्पणी में नियम की स्थिति स्पष्ट रूप से उजागर होनी चाहिए।
Draft	मसौदा; प्रारूप	noun	noting and drafting	A preliminary version of a letter or order prepared for approval.	किसी पत्र या आदेश का प्रारंभिक रूप जो अनुमोदन हेतु तैयार किया जाता है।	The draft reply is placed below for approval.	उत्तर का मसौदा अनुमोदन हेतु नीचे रखा गया है।
Dak	डाक	noun	noting and drafting	The communications received in an office, including letters and other papers.	कार्यालय में प्राप्त पत्र-व्यवहार, जिसमें पत्र तथा अन्य कागज़ात सम्मिलित हैं।	The dak received today has been marked to the sections.	आज प्राप्त डाक अनुभागों को चिह्नित कर दी गई है।
Diary Number	डायरी संख्या	noun	noting and drafting	The serial number given to a communication when it is received and registered.	किसी पत्र के प्राप्त होने और पंजीकृत किए जाने पर उसे दी गई क्रम संख्या।	Please quote the diary number in all further correspondence.	कृपया आगे के समस्त पत्राचार में डायरी संख्या का उल्लेख करें।
Endorsement	पृष्ठांकन	noun	noting and drafting	A note added to a communication while forwarding it to another authority.	किसी पत्र को अन्य प्राधिकारी को अग्रेषित करते समय उस पर जोड़ी गई टिप्पणी।	A copy is forwarded by endorsement to the field office.	एक प्रति पृष्ठांकन द्वारा क्षेत्रीय कार्यालय को अग्रेषित की जाती है।
Enclosure	संलग्नक	noun	noting and drafting	A document sent along with a letter.	पत्र के साथ भेजा गया दस्तावेज़।	The enclosures listed in the letter were not received.	पत्र में उल्लिखित संलग्नक प्राप्त नहीं हुए।
Annexure	अनुबंध	noun	noting and drafting	A statement or document attached to the main document as part of it.	मुख्य दस्तावेज़ के भाग के रूप में उससे संलग्न विवरण या दस्तावेज़।	The details are given in Annexure I to this memorandum.	विवरण इस ज्ञापन के अनुबंध-1 में दिया गया है।
Appendix	परिशिष्ट	noun	noting and drafting	Supplementary matter placed at the end of a document.	दस्तावेज़ के अंत में रखी गई पूरक सामग्री।	The forms are reproduced in the Appendix.	प्रपत्र परिशिष्ट में पुनः प्रस्तुत किए गए हैं।
Office Memorandum	कार्यालय ज्ञापन	noun	noting and drafting	A communication issued by a Ministry to convey a decision or instruction.	मंत्रालय द्वारा किसी निर्णय या अनुदेश को संप्रेषित करने हेतु जारी पत्र।	The revised rates were notified through an Office Memorandum.	संशोधित दरें कार्यालय ज्ञापन के माध्यम से अधिसूचित की गईं।
Office Order	कार्यालय आदेश	noun	noting and drafting	An order issued for the internal administration of an office.	कार्यालय के आंतरिक प्रशासन हेतु जारी किया गया आदेश।	An Office Order was issued regarding the change in duties.	कर्तव्यों में परिवर्तन के संबंध में कार्यालय आदेश जारी किया गया।
Circular	परिपत्र	noun	noting and drafting	A communication addressed to several offices conveying the same information.	एक ही सूचना देने हेतु अनेक कार्यालयों को संबोधित पत्र।	A circular was issued to all Heads of Departments.	सभी विभागाध्यक्षों को परिपत्र जारी किया गया।
Notification	अधिसूचना	noun	legislative	A formal announcement published in the Gazette to give legal effect to a decision.	किसी निर्णय को विधिक प्रभाव देने हेतु राजपत्र में प्रकाशित औपचारिक घोषणा।	The appointment was made effective by a notification in the Gazette.	नियुक्ति राजपत्र में अधिसूचना द्वारा प्रभावी की गई।
Resolution	संकल्प	noun	legislative	A formal declaration of government policy or of the constitution of a body.	सरकारी नीति अथवा किसी निकाय के गठन की औपचारिक घोषणा।	The Commission was constituted by a Resolution of the Government.	आयोग का गठन सरकार के संकल्प द्वारा किया गया।
Demi-official letter	अर्ध-शासकीय पत्र	noun	noting and drafting	A letter written by an officer in the first person to another officer by name.	एक अधिकारी द्वारा दूसरे अधिकारी को नाम से, उत्तम पुरुष में लिखा गया पत्र।	The matter was pursued through a demi-official letter.	मामले की अनुवर्ती कार्रवाई अर्ध-शासकीय पत्र के माध्यम से की गई।
Reminder	अनुस्मारक	noun	noting and drafting	A communication sent to obtain a reply to an earlier letter.	पूर्व में भेजे गए पत्र का उत्तर प्राप्त करने हेतु भेजा गया पत्र।	A third reminder has been issued to the office concerned.	संबंधित कार्यालय को तीसरा अनुस्मारक जारी किया गया है।
Acknowledgement	पावती	noun	noting and drafting	A written confirmation that a communication has been received.	इस बात की लिखित पुष्टि कि पत्र प्राप्त हो गया है।	An acknowledgement should be sent within three days.	पावती तीन दिन के भीतर भेजी जानी चाहिए।
Record	अभिलेख	noun	noting and drafting	A file or document preserved for future reference after its work is complete.	कार्य पूर्ण होने के बाद भावी संदर्भ हेतु सुरक्षित रखी गई फाइल या दस्तावेज़।	The file has been consigned to the record room.	फाइल अभिलेख कक्ष को सौंप दी गई है।
Precedent	पूर्वोदाहरण; नज़ीर	noun	noting and drafting	An earlier decision cited as an authority for deciding a similar case.	पूर्व में लिया गया निर्णय जो समान मामले के निर्णय हेतु आधार के रूप में उद्धृत किया जाता है।	No precedent could be traced in this Department.	इस विभाग में कोई पूर्वोदाहरण नहीं मिल सका।
Confidential	गोपनीय	adjective	classification	A security classification for papers whose disclosure would harm administration.	उन कागज़ातों का सुरक्षा वर्गीकरण जिनके प्रकटन से प्रशासन को हानि हो सकती है।	The report is confidential and may not be circulated.	यह प्रतिवेदन गोपनीय है और परिचालित नहीं किया जा सकता।
Secret	गुप्त	adjective	classification	A classification above confidential, for papers whose disclosure would endanger interests.	गोपनीय से उच्चतर वर्गीकरण, उन कागज़ातों के लिए जिनके प्रकटन से हितों को खतरा हो।	Secret papers must be kept in a locked almirah.	गुप्त कागज़ात बंद अलमारी में रखे जाने चाहिए।
Top Secret	परम गुप्त	adjective	classification	The highest security classification, used for papers of the greatest importance.	सर्वोच्च सुरक्षा वर्गीकरण, जो अत्यंत महत्वपूर्ण कागज़ातों के लिए प्रयुक्त होता है।	Top Secret documents are handled by designated officers only.	परम गुप्त दस्तावेज़ केवल पदनामित अधिकारियों द्वारा ही संभाले जाते हैं।
Immediate	तत्काल	adjective	classification	A priority marking requiring that a case be dealt with at once.	प्राथमिकता चिह्न जिसके अनुसार मामले का निपटान तुरंत किया जाना अपेक्षित है।	The case is marked immediate and must be disposed of today.	मामला तत्काल चिह्नित है और आज ही निपटाया जाना चाहिए।
Compliance	अनुपालन	noun	general administration	The act of carrying out an order, instruction or rule.	किसी आदेश, अनुदेश अथवा नियम का पालन करने की क्रिया।	Compliance of the audit observation may be intimated.	लेखापरीक्षा प्रेक्षण का अनुपालन सूचित किया जाए।
Clarification	स्पष्टीकरण	noun	general administration	An explanation sought or given to remove doubt on a point.	किसी बिंदु पर संदेह दूर करने हेतु मांगा या दिया गया स्पष्टीकरण।	Clarification has been sought from the Ministry of Law.	विधि मंत्रालय से स्पष्टीकरण मांगा गया है।
Guidelines	दिशानिर्देश	noun	general administration	Instructions indicating how a policy or scheme is to be implemented.	अनुदेश जो यह बताते हैं कि किसी नीति या योजना का कार्यान्वयन किस प्रकार किया जाए।	Detailed guidelines have been issued for the scheme.	योजना हेतु विस्तृत दिशानिर्देश जारी किए गए हैं।
Delegation of Powers	शक्तियों का प्रत्यायोजन	noun	general administration	The formal transfer of specified powers from a higher authority to a lower one.	उच्चतर प्राधिकारी से निम्नतर प्राधिकारी को विनिर्दिष्ट शक्तियों का औपचारिक अंतरण।	The delegation of powers has been revised this year.	शक्तियों का प्रत्यायोजन इस वर्ष संशोधित किया गया है।
Ex-officio	पदेन	adjective	general administration	By virtue of holding an office, without separate appointment.	किसी पद को धारण करने के कारण, पृथक नियुक्ति के बिना।	The Secretary is an ex-officio member of the committee.	सचिव समिति के पदेन सदस्य हैं।
Pending	लंबित	adjective	general administration	Awaiting decision or disposal.	निर्णय अथवा निपटान की प्रतीक्षा में।	Twelve cases are pending for more than three months.	बारह मामले तीन माह से अधिक समय से लंबित हैं।
Disposal	निपटान	noun	general administration	The final settlement of a case so that no further action is required.	किसी मामले का अंतिम निपटारा जिसके बाद कोई कार्रवाई अपेक्षित न हो।	The monthly statement of disposal has been prepared.	निपटान का मासिक विवरण तैयार कर लिया गया है।
Approval	अनुमोदन	noun	general administration	The formal agreement of a competent authority to a proposal.	किसी प्रस्ताव पर सक्षम प्राधिकारी की औपचारिक सहमति।	The proposal is submitted for approval, please.	प्रस्ताव अनुमोदन हेतु प्रस्तुत है।
Sanction	मंजूरी; स्वीकृति	noun	finance and accounts	Formal permission of a competent authority, especially for expenditure.	सक्षम प्राधिकारी की औपचारिक अनुमति, विशेषकर व्यय के लिए।	Sanction for the purchase has been conveyed.	क्रय हेतु स्वीकृति संप्रेषित कर दी गई है।
Memorandum	ज्ञापन	noun	noting and drafting	A written statement of facts or points, issued formally.	तथ्यों अथवा बिंदुओं का लिखित विवरण, जो औपचारिक रूप से जारी किया जाता है।	A memorandum was submitted to the Commission.	आयोग को एक ज्ञापन प्रस्तुत किया गया।
Proforma	प्रपत्र	noun	general administration	A prescribed form in which information is to be furnished.	निर्धारित प्रपत्र जिसमें सूचना प्रस्तुत की जानी होती है।	The information may be sent in the prescribed proforma.	सूचना निर्धारित प्रपत्र में भेजी जाए।
Register	रजिस्टर; पंजी	noun	general administration	A bound record in which entries are made in a prescribed order.	बंधी हुई पंजी जिसमें निर्धारित क्रम में प्रविष्टियां की जाती हैं।	All receipts are entered in the dak register.	समस्त प्राप्तियां डाक रजिस्टर में दर्ज की जाती हैं।
Appointment	नियुक्ति	noun	service matters	The act of placing a person in a post in government service.	किसी व्यक्ति को सरकारी सेवा के किसी पद पर रखने की क्रिया।	The appointment is subject to verification of character and antecedents.	नियुक्ति चरित्र एवं पूर्ववृत्त के सत्यापन के अधीन है।
Recruitment	भर्ती	noun	service matters	The process of selecting persons for appointment to posts.	पदों पर नियुक्ति हेतु व्यक्तियों के चयन की प्रक्रिया।	Recruitment to the post is made through the Staff Selection Commission.	इस पद पर भर्ती कर्मचारी चयन आयोग के माध्यम से की जाती है।
Probation	परिवीक्षा	noun	service matters	The trial period during which a newly appointed employee is assessed.	वह परीक्षण अवधि जिसमें नवनियुक्त कर्मचारी का मूल्यांकन किया जाता है।	The officer is on probation for a period of two years.	अधिकारी दो वर्ष की अवधि हेतु परिवीक्षा पर है।
Confirmation	स्थायीकरण	noun	service matters	Making an employee permanent in a post after successful probation.	परिवीक्षा सफलतापूर्वक पूर्ण होने पर कर्मचारी को पद पर स्थायी करना।	Confirmation orders have been issued after completion of probation.	परिवीक्षा पूर्ण होने पर स्थायीकरण आदेश जारी कर दिए गए हैं।
Promotion	पदोन्नति	noun	service matters	Appointment of an employee to a post carrying higher responsibility and pay.	कर्मचारी की उच्चतर उत्तरदायित्व और वेतन वाले पद पर नियुक्ति।	The Departmental Promotion Committee met to consider promotions.	पदोन्नति पर विचार हेतु विभागीय पदोन्नति समिति की बैठक हुई।
Transfer	स्थानांतरण	noun	service matters	Movement of an employee from one post or station to another.	कर्मचारी का एक पद या स्थान से दूसरे पद या स्थान पर भेजा जाना।	Transfer orders were issued in the public interest.	स्थानांतरण आदेश लोकहित में जारी किए गए।
Deputation	प्रतिनियुक्ति	noun	service matters	Service of an employee in another organisation for a fixed period.	किसी कर्मचारी की निश्चित अवधि हेतु अन्य संगठन में सेवा।	The officer joined on deputation for a period of three years.	अधिकारी ने तीन वर्ष की अवधि हेतु प्रतिनियुक्ति पर कार्यभार ग्रहण किया।
Seniority	वरिष्ठता	noun	service matters	The relative rank of employees in a grade, based on prescribed rules.	निर्धारित नियमों के आधार पर किसी ग्रेड में कर्मचारियों का सापेक्ष क्रम।	The seniority list has been circulated for objections.	वरिष्ठता सूची आपत्तियों हेतु परिचालित की गई है।
Increment	वेतनवृद्धि	noun	service matters	The periodic increase in pay granted within a pay scale.	वेतनमान के भीतर दी जाने वाली आवधिक वेतन बढ़ोतरी।	The annual increment falls due on the first of July.	वार्षिक वेतनवृद्धि पहली जुलाई को देय होती है।
Pay Scale	वेतनमान	noun	service matters	The range of pay attached to a post, from minimum to maximum.	किसी पद से संबद्ध वेतन की सीमा, न्यूनतम से अधिकतम तक।	The post carries the pay scale of Level 7.	इस पद का वेतनमान स्तर-7 है।
Basic Pay	मूल वेतन	noun	service matters	The pay drawn in the pay scale, excluding allowances.	वेतनमान में आहरित वेतन, जिसमें भत्ते सम्मिलित नहीं हैं।	Allowances are calculated as a percentage of basic pay.	भत्तों की गणना मूल वेतन के प्रतिशत के रूप में की जाती है।
Dearness Allowance	महंगाई भत्ता	noun	service matters	An allowance paid to offset the rise in the cost of living.	जीवन-यापन की लागत में वृद्धि की भरपाई हेतु दिया जाने वाला भत्ता।	Dearness allowance has been enhanced with effect from January.	महंगाई भत्ता जनवरी से बढ़ा दिया गया है।
House Rent Allowance	मकान किराया भत्ता	noun	service matters	An allowance paid to an employee towards the rent of residential accommodation.	आवासीय आवास के किराए हेतु कर्मचारी को दिया जाने वाला भत्ता।	House rent allowance is not admissible in government accommodation.	सरकारी आवास में मकान किराया भत्ता देय नहीं है।
Travelling Allowance	यात्रा भत्ता	noun	service matters	The amount payable to an employee for journeys performed on official duty.	सरकारी कार्य हेतु की गई यात्राओं के लिए कर्मचारी को देय राशि।	The travelling allowance claim has been passed for payment.	यात्रा भत्ता दावा भुगतान हेतु पारित कर दिया गया है।
Leave Travel Concession	अवकाश यात्रा रियायत	noun	service matters	A concession allowing an employee to travel to a declared place during leave.	वह रियायत जिसके अंतर्गत कर्मचारी अवकाश के दौरान घोषित स्थान की यात्रा कर सकता है।	The official availed leave travel concession for his home town.	कर्मचारी ने अपने गृह नगर हेतु अवकाश यात्रा रियायत का लाभ लिया।
Earned Leave	अर्जित अवकाश	noun	service matters	Leave credited to an employee on the basis of service rendered.	की गई सेवा के आधार पर कर्मचारी के खाते में जमा किया गया अवकाश।	Thirty days of earned leave were sanctioned.	तीस दिन का अर्जित अवकाश स्वीकृत किया गया।
Casual Leave	आकस्मिक अवकाश	noun	service matters	Short leave granted for unforeseen personal needs, not treated as absence.	अप्रत्याशित व्यक्तिगत आवश्यकताओं हेतु दिया गया अल्प अवकाश, जिसे अनुपस्थिति नहीं माना जाता।	He applied for two days of casual leave.	उसने दो दिन के आकस्मिक अवकाश हेतु आवेदन किया।
Maternity Leave	मातृत्व अवकाश	noun	service matters	Leave granted to a woman employee in connection with childbirth.	प्रसव के संबंध में महिला कर्मचारी को दिया जाने वाला अवकाश।	Maternity leave was sanctioned for one hundred and eighty days.	एक सौ अस्सी दिन का मातृत्व अवकाश स्वीकृत किया गया।
Joining Report	कार्यभार ग्रहण रिपोर्ट	noun	service matters	The report submitted by an employee on assuming charge of a post.	किसी पद का कार्यभार ग्रहण करने पर कर्मचारी द्वारा प्रस्तुत रिपोर्ट।	The joining report has been placed on the service book.	कार्यभार ग्रहण रिपोर्ट सेवा पुस्तिका में लगा दी गई है।
Relieving Order	कार्यमुक्ति आदेश	noun	service matters	An order releasing an employee from a post on transfer or otherwise.	स्थानांतरण या अन्य कारण से कर्मचारी को पद से मुक्त करने वाला आदेश।	The relieving order was issued the same afternoon.	कार्यमुक्ति आदेश उसी दोपहर जारी किया गया।
Charge	कार्यभार	noun	service matters	The responsibility and duties attached to a post.	किसी पद से संबद्ध उत्तरदायित्व एवं कर्तव्य।	He handed over charge to his successor.	उसने अपने उत्तरवर्ती को कार्यभार सौंप दिया।
Officiating	स्थानापन्न	adjective	service matters	Holding a higher post temporarily in place of the regular incumbent.	नियमित पदधारी के स्थान पर अस्थायी रूप से उच्चतर पद धारण करना।	She is working in an officiating capacity as Director.	वे निदेशक के रूप में स्थानापन्न हैसियत से कार्य कर रही हैं।
Ad hoc	तदर्थ	adjective	service matters	Made or done for a particular purpose, on a temporary basis.	किसी विशेष प्रयोजन हेतु, अस्थायी आधार पर किया गया।	The appointment is purely on an ad hoc basis.	यह नियुक्ति पूर्णतः तदर्थ आधार पर है।
Regularisation	नियमितीकरण	noun	service matters	Converting an irregular or temporary arrangement into a regular one.	किसी अनियमित अथवा अस्थायी व्यवस्था को नियमित रूप में परिवर्तित करना।	Regularisation of the ad hoc service has been approved.	तदर्थ सेवा के नियमितीकरण को अनुमोदित कर दिया गया है।
Superannuation	अधिवर्षिता	noun	service matters	Retirement from service on attaining the prescribed age.	निर्धारित आयु प्राप्त करने पर सेवा से निवृत्ति।	He will attain the age of superannuation next March.	वे अगले मार्च में अधिवर्षिता आयु प्राप्त कर लेंगे।
Retirement	सेवानिवृत्ति	noun	service matters	Cessation of service on completing the prescribed age or period.	निर्धारित आयु अथवा अवधि पूर्ण होने पर सेवा की समाप्ति।	Retirement benefits will be released within one month.	सेवानिवृत्ति लाभ एक माह के भीतर जारी किए जाएंगे।
Voluntary Retirement	स्वैच्छिक सेवानिवृत्ति	noun	service matters	Retirement sought by an employee before the age of superannuation.	अधिवर्षिता आयु से पूर्व कर्मचारी द्वारा मांगी गई सेवानिवृत्ति।	His request for voluntary retirement has been accepted.	उनका स्वैच्छिक सेवानिवृत्ति का अनुरोध स्वीकार कर लिया गया है।
Resignation	त्यागपत्र	noun	service matters	Voluntary relinquishment of a post by an employee.	कर्मचारी द्वारा स्वेच्छा से पद का परित्याग।	The resignation has been accepted with immediate effect.	त्यागपत्र तत्काल प्रभाव से स्वीकार कर लिया गया है।
Pension	पेंशन	noun	service matters	The periodical payment made to an employee after retirement.	सेवानिवृत्ति के पश्चात कर्मचारी को किया जाने वाला आवधिक भुगतान।	The pension papers have been forwarded to the Accounts Officer.	पेंशन कागज़ात लेखा अधिकारी को अग्रेषित कर दिए गए हैं।
Gratuity	उपदान	noun	service matters	A lump sum paid to an employee at the time of retirement or death.	सेवानिवृत्ति अथवा मृत्यु के समय कर्मचारी को दी जाने वाली एकमुश्त राशि।	Gratuity is calculated on the basis of qualifying service.	उपदान की गणना अर्हक सेवा के आधार पर की जाती है।
Provident Fund	भविष्य निधि	noun	service matters	A fund built from compulsory savings of an employee, payable on retirement.	कर्मचारी की अनिवार्य बचत से निर्मित निधि, जो सेवानिवृत्ति पर देय होती है।	An advance was sanctioned from the provident fund.	भविष्य निधि से अग्रिम स्वीकृत किया गया।
Vacancy	रिक्ति	noun	service matters	A post which is unfilled and available to be filled.	ऐसा पद जो रिक्त है और भरा जाना है।	Five vacancies exist in the grade at present.	इस समय इस ग्रेड में पांच रिक्तियां हैं।
Reservation	आरक्षण	noun	service matters	The setting apart of posts for specified categories as required by rules.	नियमों के अनुसार विनिर्दिष्ट श्रेणियों हेतु पदों का पृथक रखा जाना।	Reservation has been applied as per the roster.	रोस्टर के अनुसार आरक्षण लागू किया गया है।
Service Book	सेवा पुस्तिका	noun	service matters	The official record of an employee's service history.	कर्मचारी की सेवा से संबंधित घटनाओं का शासकीय अभिलेख।	All entries in the service book must be attested.	सेवा पुस्तिका की समस्त प्रविष्टियां अभिप्रमाणित की जानी चाहिए।
Annual Performance Appraisal Report	वार्षिक कार्य निष्पादन मूल्यांकन रिपोर्ट	noun	service matters	The yearly assessment of an employee's work, conduct and potential.	कर्मचारी के कार्य, आचरण और क्षमता का वार्षिक मूल्यांकन।	The Annual Performance Appraisal Report is to be filed by 31 December.	वार्षिक कार्य निष्पादन मूल्यांकन रिपोर्ट 31 दिसंबर तक भरी जानी है।
Budget	बजट	noun	finance and accounts	The annual statement of estimated receipts and expenditure of the Government.	सरकार की अनुमानित प्राप्तियों और व्यय का वार्षिक विवरण।	The budget estimates for the next financial year have been finalised.	अगले वित्तीय वर्ष के बजट अनुमान अंतिम रूप दे दिए गए हैं।
Demand for Grants	अनुदान मांग	noun	finance and accounts	The proposal placed before Parliament for expenditure from the Consolidated Fund.	संचित निधि से व्यय हेतु संसद के समक्ष रखा गया प्रस्ताव।	The Demand for Grants of the Ministry was voted by the House.	मंत्रालय की अनुदान मांग सदन द्वारा पारित की गई।
Grant-in-aid	सहायता अनुदान	noun	finance and accounts	Financial assistance given by government to an institution or body.	सरकार द्वारा किसी संस्था या निकाय को दी जाने वाली वित्तीय सहायता।	Grant-in-aid was released after receipt of the utilisation certificate.	उपयोगिता प्रमाणपत्र प्राप्त होने पर सहायता अनुदान जारी किया गया।
Consolidated Fund	संचित निधि	noun	finance and accounts	The fund into which all revenues and loans of the Government are credited.	वह निधि जिसमें सरकार के समस्त राजस्व और ऋण जमा किए जाते हैं।	No money can be withdrawn from the Consolidated Fund without authorisation.	प्राधिकार के बिना संचित निधि से कोई धन नहीं निकाला जा सकता।
Contingency Fund	आकस्मिकता निधि	noun	finance and accounts	A fund placed at the disposal of the President to meet unforeseen expenditure.	अप्रत्याशित व्यय की पूर्ति हेतु राष्ट्रपति के निपटान में रखी गई निधि।	An advance was taken from the Contingency Fund of India.	भारत की आकस्मिकता निधि से अग्रिम लिया गया।
Re-appropriation	पुनर्विनियोग	noun	finance and accounts	Transfer of funds from one head of account to another within a grant.	किसी अनुदान के भीतर एक लेखा शीर्ष से दूसरे शीर्ष को निधियों का अंतरण।	Re-appropriation was sanctioned to meet the shortfall.	कमी की पूर्ति हेतु पुनर्विनियोग स्वीकृत किया गया।
Supplementary Grant	अनुपूरक अनुदान	noun	finance and accounts	An additional grant sought when the sanctioned amount proves insufficient.	स्वीकृत राशि अपर्याप्त होने पर मांगा गया अतिरिक्त अनुदान।	A supplementary grant was obtained in the winter session.	शीतकालीन सत्र में अनुपूरक अनुदान प्राप्त किया गया।
Audit	लेखापरीक्षा	noun	finance and accounts	The examination of accounts to verify their accuracy and regularity.	लेखाओं की शुद्धता और नियमितता सत्यापित करने हेतु उनकी जांच।	The audit of the accounts was completed last month.	लेखाओं की लेखापरीक्षा पिछले माह पूर्ण हुई।
Audit Objection	लेखापरीक्षा आपत्ति	noun	finance and accounts	A point raised by audit regarding an irregularity in accounts or expenditure.	लेखाओं अथवा व्यय में अनियमितता के संबंध में लेखापरीक्षा द्वारा उठाया गया बिंदु।	A reply to the audit objection is awaited.	लेखापरीक्षा आपत्ति का उत्तर प्रतीक्षित है।
Utilisation Certificate	उपयोगिता प्रमाणपत्र	noun	finance and accounts	A certificate confirming that a grant was spent for the sanctioned purpose.	यह प्रमाणित करने वाला प्रमाणपत्र कि अनुदान स्वीकृत प्रयोजन हेतु व्यय किया गया।	The utilisation certificate for the last instalment is pending.	पिछली किस्त का उपयोगिता प्रमाणपत्र लंबित है।
Advance	अग्रिम	noun	finance and accounts	Money paid before it becomes due, to be adjusted later.	देय होने से पूर्व दी गई राशि, जिसका समायोजन बाद में किया जाता है।	The advance drawn for the tour must be settled within fifteen days.	दौरे हेतु आहरित अग्रिम का समायोजन पंद्रह दिन के भीतर किया जाए।
Reimbursement	प्रतिपूर्ति	noun	finance and accounts	Repayment of an amount already spent by an employee on official account.	कर्मचारी द्वारा शासकीय मद में पहले से व्यय की गई राशि की वापसी।	Reimbursement of medical expenses has been sanctioned.	चिकित्सा व्यय की प्रतिपूर्ति स्वीकृत की गई है।
Arrears	बकाया	noun	finance and accounts	An amount that is due but has not yet been paid or realised.	ऐसी राशि जो देय है किंतु अभी तक भुगतान या वसूल नहीं हुई है।	The arrears of pay will be paid in the next month's bill.	वेतन का बकाया अगले माह के बिल में दिया जाएगा।
Recovery	वसूली	noun	finance and accounts	The realisation of an amount overpaid or due to the Government.	अधिक भुगतान की गई अथवा सरकार को देय राशि की प्राप्ति।	Recovery will be effected in ten equal instalments.	वसूली दस समान किस्तों में की जाएगी।
Financial Year	वित्तीय वर्ष	noun	finance and accounts	The accounting year of the Government, from 1 April to 31 March.	सरकार का लेखा वर्ष, जो 1 अप्रैल से 31 मार्च तक होता है।	The expenditure must be booked within the financial year.	व्यय वित्तीय वर्ष के भीतर लेखांकित किया जाना चाहिए।
Honorarium	मानदेय	noun	finance and accounts	A payment made for special work performed outside normal duties.	सामान्य कर्तव्यों से हटकर किए गए विशेष कार्य हेतु किया गया भुगतान।	An honorarium was sanctioned to the members of the committee.	समिति के सदस्यों को मानदेय स्वीकृत किया गया।
Tender	निविदा	noun	procurement	A formal offer submitted in response to an invitation to supply goods or services.	वस्तुओं या सेवाओं की आपूर्ति हेतु आमंत्रण के उत्तर में प्रस्तुत औपचारिक प्रस्ताव।	Tenders were invited through the e-procurement portal.	ई-खरीद पोर्टल के माध्यम से निविदाएं आमंत्रित की गईं।
Earnest Money Deposit	बयाना राशि	noun	procurement	The amount deposited by a bidder as a guarantee of the seriousness of the bid.	बोली की गंभीरता की गारंटी के रूप में बोलीदाता द्वारा जमा की गई राशि।	The earnest money deposit will be refunded to unsuccessful bidders.	असफल बोलीदाताओं को बयाना राशि वापस कर दी जाएगी।
Security Deposit	प्रतिभूति जमा	noun	procurement	An amount held as security for the due performance of a contract.	संविदा के सम्यक निष्पादन की प्रतिभूति के रूप में रखी गई राशि।	The security deposit will be released after the warranty period.	वारंटी अवधि के बाद प्रतिभूति जमा जारी की जाएगी।
Purchase Order	क्रय आदेश	noun	procurement	A formal order placed on a supplier for goods or services.	वस्तुओं या सेवाओं हेतु आपूर्तिकर्ता को दिया गया औपचारिक आदेश।	The purchase order was issued after obtaining sanction.	स्वीकृति प्राप्त करने के बाद क्रय आदेश जारी किया गया।
Contract	संविदा	noun	procurement	A legally enforceable agreement between the Government and another party.	सरकार और अन्य पक्षकार के बीच विधितः प्रवर्तनीय करार।	The contract was awarded to the lowest evaluated bidder.	संविदा न्यूनतम मूल्यांकित बोलीदाता को प्रदान की गई।
Technical Bid	तकनीकी बोली	noun	procurement	The part of a tender that sets out technical capability and specifications.	निविदा का वह भाग जिसमें तकनीकी क्षमता और विनिर्देश दिए जाते हैं।	Only those qualifying in the technical bid were considered further.	केवल तकनीकी बोली में अर्हक पाए गए बोलीदाताओं पर आगे विचार किया गया।
Financial Bid	वित्तीय बोली	noun	procurement	The part of a tender that states the price offered.	निविदा का वह भाग जिसमें प्रस्तावित मूल्य दिया जाता है।	The financial bids were opened in the presence of the bidders.	बोलीदाताओं की उपस्थिति में वित्तीय बोलियां खोली गईं।
Act	अधिनियम	noun	legislative	A law passed by Parliament and assented to by the President.	संसद द्वारा पारित और राष्ट्रपति द्वारा अनुमति प्राप्त विधि।	The provisions of the Act came into force from 1 April.	अधिनियम के उपबंध 1 अप्रैल से प्रवृत्त हुए।
Bill	विधेयक	noun	legislative	A draft law placed before Parliament for consideration.	विचारार्थ संसद के समक्ष रखा गया विधि का प्रारूप।	The Bill was introduced in the Lok Sabha yesterday.	विधेयक कल लोक सभा में पुरःस्थापित किया गया।
Ordinance	अध्यादेश	noun	legislative	A law promulgated by the President when Parliament is not in session.	संसद का सत्र न होने पर राष्ट्रपति द्वारा प्रख्यापित विधि।	The Ordinance will have to be replaced by an Act.	अध्यादेश को अधिनियम द्वारा प्रतिस्थापित करना होगा।
Rules	नियम	noun	legislative	Subordinate legislation framed under the powers given by an Act.	अधिनियम द्वारा प्रदत्त शक्तियों के अंतर्गत बनाया गया अधीनस्थ विधान।	The Rules were notified in the official Gazette.	नियम राजपत्र में अधिसूचित किए गए।
Regulation	विनियम	noun	legislative	A rule made by a statutory authority for the conduct of its affairs.	किसी सांविधिक प्राधिकारी द्वारा अपने कार्यों के संचालन हेतु बनाया गया नियम।	The Board framed regulations for the conduct of examinations.	बोर्ड ने परीक्षाओं के संचालन हेतु विनियम बनाए।
Amendment	संशोधन	noun	legislative	A change made in an Act, rule or document.	किसी अधिनियम, नियम अथवा दस्तावेज़ में किया गया परिवर्तन।	The amendment takes effect from the date of publication.	संशोधन प्रकाशन की तारीख से प्रभावी होगा।
Gazette	राजपत्र	noun	legislative	The official journal in which government notifications are published.	वह शासकीय पत्रिका जिसमें सरकारी अधिसूचनाएं प्रकाशित होती हैं।	A copy of the Gazette notification is enclosed.	राजपत्र अधिसूचना की एक प्रति संलग्न है।
Statutory	सांविधिक	adjective	legislative	Created by or under the authority of a statute.	किसी संविधि द्वारा अथवा उसके प्राधिकार से सृजित।	The Commission is a statutory body.	आयोग एक सांविधिक निकाय है।
Schedule	अनुसूची	noun	legislative	A list appended to an Act giving details supplementary to its sections.	अधिनियम से संलग्न सूची जो उसकी धाराओं के पूरक विवरण देती है।	The item is listed in the Second Schedule to the Act.	यह मद अधिनियम की द्वितीय अनुसूची में सूचीबद्ध है।
Section	धारा	noun	legislative	A numbered division of an Act.	अधिनियम का क्रमांकित विभाग।	Action was taken under section 12 of the Act.	अधिनियम की धारा 12 के अंतर्गत कार्रवाई की गई।
Parliament Question	संसद प्रश्न	noun	parliamentary	A question asked by a Member of Parliament to which a Ministry must reply.	संसद सदस्य द्वारा पूछा गया प्रश्न जिसका उत्तर मंत्रालय को देना होता है।	The reply to the Parliament Question must be sent by Friday.	संसद प्रश्न का उत्तर शुक्रवार तक भेजा जाना चाहिए।
Starred Question	तारांकित प्रश्न	noun	parliamentary	A question requiring an oral answer in the House, followed by supplementaries.	ऐसा प्रश्न जिसका सदन में मौखिक उत्तर अपेक्षित होता है और तत्पश्चात पूरक प्रश्न पूछे जाते हैं।	The Minister replied to the starred question in the House.	मंत्री ने सदन में तारांकित प्रश्न का उत्तर दिया।
Unstarred Question	अतारांकित प्रश्न	noun	parliamentary	A question for which a written answer is laid on the Table of the House.	ऐसा प्रश्न जिसका लिखित उत्तर सदन के पटल पर रखा जाता है।	The unstarred question was answered in writing.	अतारांकित प्रश्न का उत्तर लिखित रूप में दिया गया।
Assurance	आश्वासन	noun	parliamentary	An undertaking given by a Minister on the floor of the House.	सदन के पटल पर मंत्री द्वारा दिया गया वचन।	The assurance given in the House is yet to be implemented.	सदन में दिया गया आश्वासन अभी कार्यान्वित नहीं हुआ है।
Standing Committee	स्थायी समिति	noun	parliamentary	A permanent committee of Parliament that examines the work of Ministries.	संसद की स्थायी समिति जो मंत्रालयों के कार्य की जांच करती है।	The Department-related Standing Committee sought a detailed note.	विभाग संबंधित स्थायी समिति ने विस्तृत टिप्पण मांगा।
Quorum	गणपूर्ति	noun	meetings	The minimum number of members required to be present to transact business.	कार्य संपादन हेतु उपस्थित रहने वाले सदस्यों की न्यूनतम अपेक्षित संख्या।	The meeting was adjourned for want of quorum.	गणपूर्ति के अभाव में बैठक स्थगित कर दी गई।
Agenda	कार्यसूची	noun	meetings	The list of items to be taken up at a meeting.	बैठक में लिए जाने वाले मदों की सूची।	The agenda papers were circulated a week in advance.	कार्यसूची के कागज़ात एक सप्ताह पूर्व परिचालित किए गए।
Minutes	कार्यवृत्त	noun	meetings	The official record of the proceedings and decisions of a meeting.	बैठक की कार्यवाही और निर्णयों का शासकीय अभिलेख।	The minutes of the meeting have been approved by the Chairperson.	बैठक का कार्यवृत्त अध्यक्ष द्वारा अनुमोदित कर दिया गया है।
Action Taken Report	की गई कार्रवाई रिपोर्ट	noun	meetings	A report stating the action taken on earlier decisions or recommendations.	पूर्व निर्णयों अथवा सिफारिशों पर की गई कार्रवाई बताने वाली रिपोर्ट।	The Action Taken Report was placed before the committee.	की गई कार्रवाई रिपोर्ट समिति के समक्ष रखी गई।
Vigilance	सतर्कता	noun	vigilance and discipline	The function of preventing and detecting corruption and malpractice.	भ्रष्टाचार और कदाचार की रोकथाम तथा पता लगाने का कार्य।	The vigilance angle in the case has been examined.	मामले में सतर्कता पहलू की जांच की गई है।
Disciplinary Proceedings	अनुशासनिक कार्यवाही	noun	vigilance and discipline	Formal action taken against an employee for misconduct.	कदाचार हेतु किसी कर्मचारी के विरुद्ध की गई औपचारिक कार्रवाई।	Disciplinary proceedings were initiated against the official.	कर्मचारी के विरुद्ध अनुशासनिक कार्यवाही आरंभ की गई।
Charge Sheet	आरोप पत्र	noun	vigilance and discipline	A formal statement of the charges levelled against an employee.	किसी कर्मचारी के विरुद्ध लगाए गए आरोपों का औपचारिक विवरण।	The charge sheet was served on the employee last week.	आरोप पत्र पिछले सप्ताह कर्मचारी को तामील किया गया।
Inquiry Officer	जांच अधिकारी	noun	vigilance and discipline	The officer appointed to conduct an inquiry into the charges.	आरोपों की जांच करने हेतु नियुक्त अधिकारी।	The Inquiry Officer submitted his report to the disciplinary authority.	जांच अधिकारी ने अपनी रिपोर्ट अनुशासनिक प्राधिकारी को प्रस्तुत की।
Suspension	निलंबन	noun	vigilance and discipline	Temporary removal of an employee from duty pending inquiry.	जांच लंबित रहते हुए कर्मचारी को अस्थायी रूप से कर्तव्य से हटाना।	The official was placed under suspension with immediate effect.	कर्मचारी को तत्काल प्रभाव से निलंबित कर दिया गया।
Penalty	शास्ति; दंड	noun	vigilance and discipline	A punishment imposed on an employee found guilty of misconduct.	कदाचार का दोषी पाए गए कर्मचारी पर लगाया गया दंड।	A minor penalty of censure was imposed.	परिनिंदा की छोटी शास्ति लगाई गई।
Censure	परिनिंदा	noun	vigilance and discipline	A formal expression of disapproval recorded against an employee.	किसी कर्मचारी के विरुद्ध अभिलिखित अननुमोदन की औपचारिक अभिव्यक्ति।	The penalty of censure was communicated to the official.	परिनिंदा की शास्ति कर्मचारी को संसूचित की गई।
Show Cause Notice	कारण बताओ नोटिस	noun	vigilance and discipline	A notice calling upon a person to explain why action should not be taken.	ऐसा नोटिस जिसमें किसी व्यक्ति से यह बताने को कहा जाता है कि उसके विरुद्ध कार्रवाई क्यों न की जाए।	A show cause notice was issued to the contractor.	ठेकेदार को कारण बताओ नोटिस जारी किया गया।
Appeal	अपील	noun	vigilance and discipline	A request to a higher authority to set aside or modify an order.	किसी आदेश को अपास्त या उपांतरित करने हेतु उच्चतर प्राधिकारी से किया गया अनुरोध।	The appeal was rejected by the appellate authority.	अपील अपीलीय प्राधिकारी द्वारा अस्वीकार कर दी गई।
Misconduct	कदाचार	noun	vigilance and discipline	Behaviour by an employee that breaches the conduct rules.	कर्मचारी का ऐसा आचरण जो आचरण नियमों का उल्लंघन करता हो।	The act amounts to misconduct under the conduct rules.	यह कृत्य आचरण नियमों के अंतर्गत कदाचार की कोटि में आता है।
Complaint	शिकायत	noun	grievances	A written or oral representation alleging a wrong or grievance.	किसी अन्याय अथवा व्यथा का आरोप लगाने वाला लिखित या मौखिक अभ्यावेदन।	The complaint has been forwarded for investigation.	शिकायत जांच हेतु अग्रेषित कर दी गई है।
Grievance	शिकायत; व्यथा	noun	grievances	A ground of complaint regarding a decision or treatment.	किसी निर्णय अथवा व्यवहार के संबंध में शिकायत का आधार।	The grievance was redressed within the prescribed time limit.	शिकायत का निवारण निर्धारित समय सीमा के भीतर कर दिया गया।
Redressal	निवारण	noun	grievances	The setting right of a grievance or wrong.	किसी शिकायत अथवा अन्याय को दूर करना।	A grievance redressal mechanism has been put in place.	शिकायत निवारण तंत्र स्थापित किया गया है।
Right to Information	सूचना का अधिकार	noun	right to information	The statutory right of a citizen to obtain information from a public authority.	किसी लोक प्राधिकरण से सूचना प्राप्त करने का नागरिक का सांविधिक अधिकार।	The application was filed under the Right to Information Act.	आवेदन सूचना का अधिकार अधिनियम के अंतर्गत दायर किया गया।
Public Authority	लोक प्राधिकरण	noun	right to information	A body established or substantially financed by the Government.	सरकार द्वारा स्थापित अथवा पर्याप्त रूप से वित्तपोषित निकाय।	Every public authority must publish the prescribed information.	प्रत्येक लोक प्राधिकरण को निर्धारित सूचना प्रकाशित करनी होगी।
Third Party	तृतीय पक्ष	noun	right to information	A person, other than the applicant, whose information is sought.	आवेदक से भिन्न वह व्यक्ति जिसकी सूचना मांगी गई हो।	The third party was given an opportunity to make a representation.	तृतीय पक्ष को अभ्यावेदन करने का अवसर दिया गया।
Time Limit	समय सीमा	noun	general administration	The period within which an action must be completed.	वह अवधि जिसके भीतर कोई कार्रवाई पूरी की जानी चाहिए।	The reply must be sent within the prescribed time limit.	उत्तर निर्धारित समय सीमा के भीतर भेजा जाना चाहिए।
Exemption	छूट	noun	general administration	Freedom from an obligation that would otherwise apply.	ऐसे दायित्व से मुक्ति जो अन्यथा लागू होता।	Exemption from the age limit was granted in this case.	इस मामले में आयु सीमा से छूट प्रदान की गई।
Official Language	राजभाषा	noun	official language	The language declared for the official purposes of the Union.	संघ के राजकीय प्रयोजनों हेतु घोषित भाषा।	Hindi in Devanagari script is the official language of the Union.	देवनागरी लिपि में हिंदी संघ की राजभाषा है।
Bilingual	द्विभाषी	adjective	official language	Issued or maintained in two languages, normally Hindi and English.	दो भाषाओं में जारी अथवा रखा गया, सामान्यतः हिंदी और अंग्रेज़ी में।	All name plates must be bilingual.	सभी नामपट्ट द्विभाषी होने चाहिए।
Translation	अनुवाद	noun	official language	Rendering of matter from one language into another.	किसी सामग्री का एक भाषा से दूसरी भाषा में रूपांतरण।	The Hindi translation of the report has been vetted.	रिपोर्ट के हिंदी अनुवाद का परीक्षण कर लिया गया है।
Rajbhasha Implementation Committee	राजभाषा कार्यान्वयन समिति	noun	official language	The committee that reviews progress in the use of Hindi in an office.	वह समिति जो किसी कार्यालय में हिंदी के प्रयोग की प्रगति की समीक्षा करती है।	The Rajbhasha Implementation Committee meets every quarter.	राजभाषा कार्यान्वयन समिति की बैठक प्रत्येक तिमाही होती है।
Hindi Fortnight	हिंदी पखवाड़ा	noun	official language	The fortnight observed in September to promote the use of Hindi.	हिंदी के प्रयोग को बढ़ावा देने हेतु सितंबर में मनाया जाने वाला पखवाड़ा।	Competitions were organised during the Hindi Fortnight.	हिंदी पखवाड़े के दौरान प्रतियोगिताएं आयोजित की गईं।
Affidavit	शपथपत्र	noun	general administration	A written statement confirmed by oath, for use as evidence.	शपथ द्वारा पुष्ट लिखित कथन, जो साक्ष्य के रूप में प्रयुक्त होता है।	An affidavit was filed before the Tribunal.	अधिकरण के समक्ष शपथपत्र दाखिल किया गया।
Undertaking	वचनबंध	noun	general administration	A written promise to do or refrain from doing something.	कुछ करने अथवा न करने का लिखित वचन।	The employee furnished an undertaking to refund the excess amount.	कर्मचारी ने अधिक राशि लौटाने का वचनबंध प्रस्तुत किया।
Attested	अभिप्रमाणित	adjective	general administration	Certified as a true copy or as correct by an authorised officer.	प्राधिकृत अधिकारी द्वारा सही प्रति अथवा सही के रूप में प्रमाणित।	Attested copies of the certificates must be enclosed.	प्रमाणपत्रों की अभिप्रमाणित प्रतियां संलग्न की जानी चाहिए।
Certified Copy	प्रमाणित प्रति	noun	general administration	A copy of a document certified to be a true copy of the original.	किसी दस्तावेज़ की प्रति जिसे मूल की सही प्रति प्रमाणित किया गया हो।	A certified copy of the order was supplied to the applicant.	आवेदक को आदेश की प्रमाणित प्रति उपलब्ध कराई गई।
Verification	सत्यापन	noun	general administration	The act of checking that particulars furnished are correct.	प्रस्तुत विवरणों की सत्यता की जांच करने की क्रिया।	Verification of the documents is under process.	दस्तावेज़ों का सत्यापन प्रक्रियाधीन है।
Scrutiny	संवीक्षा	noun	general administration	Careful examination of a case or document before a decision.	निर्णय से पूर्व किसी मामले या दस्तावेज़ की सावधानीपूर्वक जांच।	The applications are under scrutiny in the section.	आवेदन अनुभाग में संवीक्षाधीन हैं।
Allotment	आवंटन	noun	general administration	The assignment of funds, quarters or other resources to a unit or person.	किसी इकाई अथवा व्यक्ति को निधियों, आवास या अन्य संसाधनों का नियतन।	Allotment of government accommodation has been made.	सरकारी आवास का आवंटन कर दिया गया है।
Requisition	अधियाचन	noun	service matters	A formal demand sent to a recruiting agency to fill up posts.	पदों को भरने हेतु भर्ती अभिकरण को भेजी गई औपचारिक मांग।	The requisition for ten posts was sent to the Commission.	दस पदों का अधियाचन आयोग को भेजा गया।
Recommendation	सिफारिश	noun	general administration	A proposal put forward by an authority for acceptance by another.	किसी प्राधिकारी द्वारा दूसरे की स्वीकृति हेतु रखा गया प्रस्ताव।	The recommendation of the committee has been accepted.	समिति की सिफारिश स्वीकार कर ली गई है।
Implementation	कार्यान्वयन	noun	general administration	The act of putting a decision, policy or scheme into effect.	किसी निर्णय, नीति अथवा योजना को प्रभावी बनाने की क्रिया।	The implementation of the scheme begins next month.	योजना का कार्यान्वयन अगले माह से आरंभ होगा।
Monitoring	अनुवीक्षण	noun	general administration	Regular watching of progress to ensure that targets are met.	लक्ष्यों की प्राप्ति सुनिश्चित करने हेतु प्रगति का नियमित निरीक्षण।	Monthly monitoring of the project has been prescribed.	परियोजना का मासिक अनुवीक्षण निर्धारित किया गया है।
Inspection	निरीक्षण	noun	general administration	An official examination of an office, work or store.	किसी कार्यालय, कार्य अथवा भंडार की शासकीय जांच।	The inspection report contains eight observations.	निरीक्षण रिपोर्ट में आठ प्रेक्षण हैं।
Report	रिपोर्ट; प्रतिवेदन	noun	general administration	A formal account of facts, findings or progress.	तथ्यों, निष्कर्षों अथवा प्रगति का औपचारिक विवरण।	The annual report was laid before both Houses.	वार्षिक प्रतिवेदन दोनों सदनों के समक्ष रखा गया।
Return	विवरणी	noun	general administration	A periodical statement of prescribed information submitted to a higher office.	उच्चतर कार्यालय को प्रस्तुत निर्धारित सूचना का आवधिक विवरण।	The monthly return has not been received from two offices.	दो कार्यालयों से मासिक विवरणी प्राप्त नहीं हुई है।
Instructions	अनुदेश	noun	general administration	Directions issued for the guidance of officers and staff.	अधिकारियों और कर्मचारियों के मार्गदर्शन हेतु जारी निदेश।	Standing instructions on the subject already exist.	इस विषय पर स्थायी अनुदेश पहले से विद्यमान हैं।
